rank,freq,zipf
1,1499,1499
2,920,749.5
3,712,499.667
4,583,374.75
5,409,299.8
6,382,249.833
7,290,214.143
8,267,187.375
9,266,166.556
10,253,149.9
11,231,136.273
12,155,124.917
13,147,115.308
14,143,107.071
15,141,99.9333
16,138,93.6875
17,136,88.1765
18,132,83.2778
19,126,78.8947
20,109,74.95
21,108,71.381
22,102,68.1364
23,101,65.1739
24,98,62.4583
25,94,59.96
26,92,57.6538
27,90,55.5185
28,84,53.5357
29,84,51.6897
30,80,49.9667
31,77,48.3548
32,77,46.8438
33,77,45.4242
34,73,44.0882
35,72,42.8286
36,72,41.6389
37,71,40.5135
38,70,39.4474
39,70,38.4359
40,70,37.475
41,70,36.561
42,70,35.6905
43,70,34.8605
44,67,34.0682
45,65,33.3111
46,65,32.587
47,64,31.8936
48,64,31.2292
49,63,30.5918
50,63,29.98
51,63,29.3922
52,63,28.8269
53,63,28.283
54,62,27.7593
55,60,27.2545
56,59,26.7679
57,58,26.2982
58,58,25.8448
59,58,25.4068
60,57,24.9833
61,56,24.5738
62,56,24.1774
63,56,23.7937
64,56,23.4219
65,56,23.0615
66,56,22.7121
67,56,22.3731
68,56,22.0441
69,56,21.7246
70,55,21.4143
71,55,21.1127
72,55,20.8194
73,54,20.5342
74,51,20.2568
75,50,19.9867
76,50,19.7237
77,50,19.4675
78,49,19.2179
79,49,18.9747
80,49,18.7375
81,49,18.5062
82,49,18.2805
83,47,18.0602
84,46,17.8452
85,45,17.6353
86,45,17.4302
87,44,17.2299
88,44,17.0341
89,44,16.8427
90,44,16.6556
91,44,16.4725
92,43,16.2935
93,43,16.1183
94,43,15.9468
95,43,15.7789
96,42,15.6146
97,42,15.4536
98,42,15.2959
99,42,15.1414
100,42,14.99
101,42,14.8416
102,42,14.6961
103,42,14.5534
104,42,14.4135
105,42,14.2762
106,42,14.1415
107,42,14.0093
108,41,13.8796
109,41,13.7523
110,40,13.6273
111,40,13.5045
112,39,13.3839
113,39,13.2655
114,39,13.1491
115,38,13.0348
116,38,12.9224
117,38,12.812
118,38,12.7034
119,38,12.5966
120,38,12.4917
121,38,12.3884
122,37,12.2869
123,37,12.187
124,36,12.0887
125,36,11.992
126,36,11.8968
127,36,11.8031
128,36,11.7109
129,36,11.6202
130,36,11.5308
131,35,11.4427
132,35,11.3561
133,35,11.2707
134,35,11.1866
135,35,11.1037
136,35,11.0221
137,35,10.9416
138,35,10.8623
139,35,10.7842
140,35,10.7071
141,35,10.6312
142,35,10.5563
143,35,10.4825
144,35,10.4097
145,35,10.3379
146,35,10.2671
147,35,10.1973
148,35,10.1284
149,35,10.0604
150,35,9.99333
151,35,9.92715
152,35,9.86184
153,35,9.79739
154,35,9.73377
155,35,9.67097
156,35,9.60897
157,35,9.54777
158,35,9.48734
159,34,9.42767
160,34,9.36875
161,33,9.31056
162,32,9.25309
163,32,9.19632
164,31,9.14024
165,31,9.08485
166,31,9.03012
167,30,8.97605
168,30,8.92262
169,30,8.86982
170,30,8.81765
171,30,8.76608
172,30,8.71512
173,30,8.66474
174,30,8.61494
175,29,8.56571
176,29,8.51705
177,29,8.46893
178,29,8.42135
179,29,8.3743
180,29,8.32778
181,29,8.28177
182,29,8.23626
183,29,8.19126
184,29,8.14674
185,29,8.1027
186,28,8.05914
187,28,8.01604
188,28,7.9734
189,28,7.93122
190,28,7.88947
191,28,7.84817
192,28,7.80729
193,28,7.76684
194,28,7.7268
195,28,7.68718
196,28,7.64796
197,28,7.60914
198,28,7.57071
199,28,7.53266
200,28,7.495
201,28,7.45771
202,28,7.42079
203,28,7.38424
204,28,7.34804
205,28,7.3122
206,28,7.2767
207,28,7.24155
208,28,7.20673
209,28,7.17225
210,28,7.1381
211,28,7.10427
212,28,7.07075
213,28,7.03756
214,28,7.00467
215,28,6.97209
216,28,6.93981
217,28,6.90783
218,28,6.87615
219,28,6.84475
220,28,6.81364
221,28,6.78281
222,28,6.75225
223,28,6.72197
224,28,6.69196
225,28,6.66222
226,28,6.63274
227,28,6.60352
228,28,6.57456
229,28,6.54585
230,28,6.51739
231,27,6.48918
232,27,6.46121
233,27,6.43348
234,27,6.40598
235,27,6.37872
236,26,6.35169
237,26,6.32489
238,26,6.29832
239,26,6.27197
240,26,6.24583
241,25,6.21992
242,25,6.19421
243,25,6.16872
244,24,6.14344
245,24,6.11837
246,24,6.0935
247,24,6.06883
248,24,6.04435
249,24,6.02008
250,24,5.996
251,24,5.97211
252,24,5.94841
253,24,5.9249
254,23,5.90157
255,23,5.87843
256,23,5.85547
257,23,5.83268
258,23,5.81008
259,23,5.78764
260,23,5.76538
261,22,5.7433
262,22,5.72137
263,22,5.69962
264,22,5.67803
265,22,5.6566
266,22,5.63534
267,22,5.61423
268,22,5.59328
269,22,5.57249
270,22,5.55185
271,22,5.53137
272,22,5.51103
273,21,5.49084
274,21,5.4708
275,21,5.45091
276,21,5.43116
277,21,5.41155
278,21,5.39209
279,21,5.37276
280,21,5.35357
281,21,5.33452
282,21,5.3156
283,21,5.29682
284,21,5.27817
285,21,5.25965
286,21,5.24126
287,21,5.223
288,21,5.20486
289,21,5.18685
290,21,5.16897
291,21,5.1512
292,21,5.13356
293,21,5.11604
294,21,5.09864
295,21,5.08136
296,21,5.06419
297,21,5.04714
298,21,5.0302
299,21,5.01338
300,21,4.99667
301,21,4.98007
302,21,4.96358
303,21,4.94719
304,21,4.93092
305,21,4.91475
306,21,4.89869
307,21,4.88274
308,21,4.86688
309,21,4.85113
310,21,4.83548
311,21,4.81994
312,21,4.80449
313,21,4.78914
314,21,4.77389
315,21,4.75873
316,21,4.74367
317,21,4.72871
318,21,4.71384
319,21,4.69906
320,21,4.68438
321,21,4.66978
322,21,4.65528
323,21,4.64087
324,21,4.62654
325,21,4.61231
326,21,4.59816
327,21,4.5841
328,21,4.57012
329,21,4.55623
330,21,4.54242
331,21,4.5287
332,21,4.51506
333,21,4.5015
334,21,4.48802
335,21,4.47463
336,21,4.46131
337,21,4.44807
338,21,4.43491
339,21,4.42183
340,20,4.40882
341,20,4.39589
342,20,4.38304
343,20,4.37026
344,20,4.35756
345,20,4.34493
346,20,4.33237
347,19,4.31988
348,19,4.30747
349,19,4.29513
350,19,4.28286
351,19,4.27066
352,19,4.25852
353,19,4.24646
354,18,4.23446
355,18,4.22254
356,18,4.21067
357,18,4.19888
358,18,4.18715
359,18,4.17549
360,18,4.16389
361,18,4.15235
362,18,4.14088
363,18,4.12948
364,18,4.11813
365,18,4.10685
366,17,4.09563
367,17,4.08447
368,17,4.07337
369,17,4.06233
370,17,4.05135
371,17,4.04043
372,17,4.02957
373,17,4.01877
374,17,4.00802
375,17,3.99733
376,17,3.9867
377,17,3.97613
378,17,3.96561
379,17,3.95515
380,17,3.94474
381,16,3.93438
382,16,3.92408
383,16,3.91384
384,16,3.90365
385,16,3.89351
386,16,3.88342
387,16,3.87339
388,16,3.8634
389,16,3.85347
390,16,3.84359
391,16,3.83376
392,16,3.82398
393,16,3.81425
394,16,3.80457
395,16,3.79494
396,16,3.78535
397,16,3.77582
398,16,3.76633
399,16,3.75689
400,16,3.7475
401,16,3.73815
402,15,3.72886
403,15,3.7196
404,15,3.7104
405,15,3.70123
406,15,3.69212
407,15,3.68305
408,15,3.67402
409,15,3.66504
410,15,3.6561
411,15,3.6472
412,15,3.63835
413,15,3.62954
414,15,3.62077
415,15,3.61205
416,15,3.60337
417,15,3.59472
418,15,3.58612
419,15,3.57757
420,15,3.56905
421,15,3.56057
422,15,3.55213
423,15,3.54374
424,15,3.53538
425,15,3.52706
426,15,3.51878
427,15,3.51054
428,15,3.50234
429,15,3.49417
430,15,3.48605
431,15,3.47796
432,15,3.46991
433,15,3.46189
434,14,3.45392
435,14,3.44598
436,14,3.43807
437,14,3.43021
438,14,3.42237
439,14,3.41458
440,14,3.40682
441,14,3.39909
442,14,3.3914
443,14,3.38375
444,14,3.37613
445,14,3.36854
446,14,3.36099
447,14,3.35347
448,14,3.34598
449,14,3.33853
450,14,3.33111
451,14,3.32373
452,14,3.31637
453,14,3.30905
454,14,3.30176
455,14,3.29451
456,14,3.28728
457,14,3.28009
458,14,3.27293
459,14,3.2658
460,14,3.2587
461,14,3.25163
462,14,3.24459
463,14,3.23758
464,14,3.2306
465,14,3.22366
466,14,3.21674
467,14,3.20985
468,14,3.20299
469,14,3.19616
470,14,3.18936
471,14,3.18259
472,14,3.17585
473,14,3.16913
474,14,3.16245
475,14,3.15579
476,14,3.14916
477,14,3.14256
478,14,3.13598
479,14,3.12944
480,14,3.12292
481,14,3.11642
482,14,3.10996
483,14,3.10352
484,14,3.09711
485,14,3.09072
486,14,3.08436
487,14,3.07803
488,14,3.07172
489,14,3.06544
490,14,3.05918
491,14,3.05295
492,14,3.04675
493,14,3.04057
494,14,3.03441
495,14,3.02828
496,14,3.02218
497,14,3.0161
498,14,3.01004
499,14,3.00401
500,14,2.998
501,14,2.99202
502,14,2.98606
503,14,2.98012
504,14,2.97421
505,14,2.96832
506,14,2.96245
507,14,2.95661
508,14,2.95079
509,14,2.94499
510,14,2.93922
511,14,2.93346
512,14,2.92773
513,14,2.92203
514,14,2.91634
515,14,2.91068
516,14,2.90504
517,14,2.89942
518,14,2.89382
519,14,2.88825
520,14,2.88269
521,14,2.87716
522,14,2.87165
523,14,2.86616
524,14,2.86069
525,14,2.85524
526,14,2.84981
527,14,2.8444
528,14,2.83902
529,14,2.83365
530,14,2.8283
531,14,2.82298
532,14,2.81767
533,14,2.81238
534,14,2.80712
535,14,2.80187
536,14,2.79664
537,14,2.79143
538,14,2.78625
539,14,2.78108
540,14,2.77593
541,14,2.77079
542,14,2.76568
543,14,2.76059
544,14,2.75551
545,14,2.75046
546,14,2.74542
547,14,2.7404
548,14,2.7354
549,14,2.73042
550,14,2.72545
551,14,2.72051
552,14,2.71558
553,14,2.71067
554,14,2.70578
555,14,2.7009
556,14,2.69604
557,14,2.6912
558,14,2.68638
559,14,2.68157
560,14,2.67679
561,14,2.67201
562,14,2.66726
563,14,2.66252
564,14,2.6578
565,14,2.6531
566,14,2.64841
567,14,2.64374
568,14,2.63908
569,14,2.63445
570,14,2.62982
571,14,2.62522
572,14,2.62063
573,14,2.61606
574,14,2.6115
575,14,2.60696
576,14,2.60243
577,14,2.59792
578,14,2.59343
579,14,2.58895
580,14,2.58448
581,14,2.58003
582,14,2.5756
583,14,2.57118
584,14,2.56678
585,14,2.56239
586,14,2.55802
587,14,2.55366
588,14,2.54932
589,14,2.54499
590,14,2.54068
591,14,2.53638
592,14,2.53209
593,14,2.52782
594,14,2.52357
595,14,2.51933
596,14,2.5151
597,14,2.51089
598,14,2.50669
599,14,2.5025
600,14,2.49833
601,14,2.49418
602,14,2.49003
603,14,2.4859
604,14,2.48179
605,14,2.47769
606,14,2.4736
607,14,2.46952
608,14,2.46546
609,14,2.46141
610,14,2.45738
611,14,2.45336
612,14,2.44935
613,14,2.44535
614,14,2.44137
615,14,2.4374
616,14,2.43344
617,14,2.4295
618,14,2.42557
619,13,2.42165
620,13,2.41774
621,13,2.41385
622,13,2.40997
623,13,2.4061
624,13,2.40224
625,13,2.3984
626,13,2.39457
627,12,2.39075
628,12,2.38694
629,12,2.38315
630,12,2.37937
631,12,2.37559
632,12,2.37184
633,12,2.36809
634,12,2.36435
635,11,2.36063
636,11,2.35692
637,11,2.35322
638,11,2.34953
639,11,2.34585
640,11,2.34219
641,11,2.33853
642,11,2.33489
643,11,2.33126
644,10,2.32764
645,10,2.32403
646,10,2.32043
647,10,2.31685
648,10,2.31327
649,10,2.30971
650,10,2.30615
651,10,2.30261
652,10,2.29908
653,10,2.29556
654,10,2.29205
655,10,2.28855
656,10,2.28506
657,10,2.28158
658,10,2.27812
659,10,2.27466
660,10,2.27121
661,10,2.26778
662,9,2.26435
663,9,2.26094
664,9,2.25753
665,9,2.25414
666,9,2.25075
667,9,2.24738
668,9,2.24401
669,9,2.24066
670,9,2.23731
671,9,2.23398
672,9,2.23065
673,9,2.22734
674,9,2.22404
675,9,2.22074
676,9,2.21746
677,9,2.21418
678,9,2.21091
679,9,2.20766
680,9,2.20441
681,9,2.20117
682,9,2.19795
683,9,2.19473
684,9,2.19152
685,9,2.18832
686,9,2.18513
687,9,2.18195
688,9,2.17878
689,9,2.17562
690,9,2.17246
691,9,2.16932
692,9,2.16618
693,9,2.16306
694,9,2.15994
695,9,2.15683
696,9,2.15374
697,9,2.15065
698,9,2.14756
699,9,2.14449
700,9,2.14143
701,9,2.13837
702,8,2.13533
703,8,2.13229
704,8,2.12926
705,8,2.12624
706,8,2.12323
707,8,2.12023
708,8,2.11723
709,8,2.11425
710,8,2.11127
711,8,2.1083
712,8,2.10534
713,8,2.10238
714,8,2.09944
715,8,2.0965
716,8,2.09358
717,8,2.09066
718,8,2.08774
719,8,2.08484
720,8,2.08194
721,8,2.07906
722,8,2.07618
723,8,2.07331
724,8,2.07044
725,8,2.06759
726,8,2.06474
727,8,2.0619
728,8,2.05907
729,8,2.05624
730,8,2.05342
731,8,2.05062
732,8,2.04781
733,8,2.04502
734,8,2.04223
735,8,2.03946
736,8,2.03668
737,8,2.03392
738,8,2.03117
739,8,2.02842
740,8,2.02568
741,8,2.02294
742,8,2.02022
743,8,2.0175
744,8,2.01478
745,8,2.01208
746,8,2.00938
747,8,2.00669
748,8,2.00401
749,8,2.00134
750,8,1.99867
751,8,1.99601
752,8,1.99335
753,8,1.9907
754,8,1.98806
755,8,1.98543
756,8,1.9828
757,8,1.98018
758,8,1.97757
759,8,1.97497
760,8,1.97237
761,8,1.96978
762,8,1.96719
763,8,1.96461
764,8,1.96204
765,8,1.95948
766,8,1.95692
767,8,1.95437
768,8,1.95182
769,8,1.94928
770,7,1.94675
771,7,1.94423
772,7,1.94171
773,7,1.9392
774,7,1.93669
775,7,1.93419
776,7,1.9317
777,7,1.92921
778,7,1.92674
779,7,1.92426
780,7,1.92179
781,7,1.91933
782,7,1.91688
783,7,1.91443
784,7,1.91199
785,7,1.90955
786,7,1.90712
787,7,1.9047
788,7,1.90228
789,7,1.89987
790,7,1.89747
791,7,1.89507
792,7,1.89268
793,7,1.89029
794,7,1.88791
795,7,1.88553
796,7,1.88317
797,7,1.8808
798,7,1.87845
799,7,1.8761
800,7,1.87375
801,7,1.87141
802,7,1.86908
803,7,1.86675
804,7,1.86443
805,7,1.86211
806,7,1.8598
807,7,1.8575
808,7,1.8552
809,7,1.8529
810,7,1.85062
811,7,1.84834
812,7,1.84606
813,7,1.84379
814,7,1.84152
815,7,1.83926
816,7,1.83701
817,7,1.83476
818,7,1.83252
819,7,1.83028
820,7,1.82805
821,7,1.82582
822,7,1.8236
823,7,1.82139
824,7,1.81917
825,7,1.81697
826,7,1.81477
827,7,1.81258
828,7,1.81039
829,7,1.8082
830,7,1.80602
831,7,1.80385
832,7,1.80168
833,7,1.79952
834,7,1.79736
835,7,1.79521
836,7,1.79306
837,7,1.79092
838,7,1.78878
839,7,1.78665
840,7,1.78452
841,7,1.7824
842,7,1.78029
843,7,1.77817
844,7,1.77607
845,7,1.77396
846,7,1.77187
847,7,1.76978
848,7,1.76769
849,7,1.76561
850,7,1.76353
851,7,1.76146
852,7,1.75939
853,7,1.75733
854,7,1.75527
855,7,1.75322
856,7,1.75117
857,7,1.74912
858,7,1.74709
859,7,1.74505
860,7,1.74302
861,7,1.741
862,7,1.73898
863,7,1.73696
864,7,1.73495
865,7,1.73295
866,7,1.73095
867,7,1.72895
868,7,1.72696
869,7,1.72497
870,7,1.72299
871,7,1.72101
872,7,1.71904
873,7,1.71707
874,7,1.7151
875,7,1.71314
876,7,1.71119
877,7,1.70924
878,7,1.70729
879,7,1.70535
880,7,1.70341
881,7,1.70148
882,7,1.69955
883,7,1.69762
884,7,1.6957
885,7,1.69379
886,7,1.69187
887,7,1.68997
888,7,1.68806
889,7,1.68616
890,7,1.68427
891,7,1.68238
892,7,1.68049
893,7,1.67861
894,7,1.67673
895,7,1.67486
896,7,1.67299
897,7,1.67113
898,7,1.66927
899,7,1.66741
900,7,1.66556
901,7,1.66371
902,7,1.66186
903,7,1.66002
904,7,1.65819
905,7,1.65635
906,7,1.65453
907,7,1.6527
908,7,1.65088
909,7,1.64906
910,7,1.64725
911,7,1.64544
912,7,1.64364
913,7,1.64184
914,7,1.64004
915,7,1.63825
916,7,1.63646
917,7,1.63468
918,7,1.6329
919,7,1.63112
920,7,1.62935
921,7,1.62758
922,7,1.62581
923,7,1.62405
924,7,1.62229
925,7,1.62054
926,7,1.61879
927,7,1.61704
928,7,1.6153
929,7,1.61356
930,7,1.61183
931,7,1.6101
932,7,1.60837
933,7,1.60665
934,7,1.60493
935,7,1.60321
936,7,1.6015
937,7,1.59979
938,7,1.59808
939,7,1.59638
940,7,1.59468
941,7,1.59299
942,7,1.5913
943,7,1.58961
944,7,1.58792
945,7,1.58624
946,7,1.58457
947,7,1.58289
948,7,1.58122
949,7,1.57956
950,7,1.57789
951,7,1.57624
952,7,1.57458
953,7,1.57293
954,7,1.57128
955,7,1.56963
956,7,1.56799
957,7,1.56635
958,7,1.56472
959,7,1.56309
960,7,1.56146
961,7,1.55983
962,7,1.55821
963,7,1.55659
964,7,1.55498
965,7,1.55337
966,7,1.55176
967,7,1.55016
968,7,1.54855
969,7,1.54696
970,7,1.54536
971,7,1.54377
972,7,1.54218
973,7,1.5406
974,7,1.53901
975,7,1.53744
976,7,1.53586
977,7,1.53429
978,7,1.53272
979,7,1.53115
980,7,1.52959
981,7,1.52803
982,7,1.52648
983,7,1.52492
984,7,1.52337
985,7,1.52183
986,7,1.52028
987,7,1.51874
988,7,1.51721
989,7,1.51567
990,7,1.51414
991,7,1.51261
992,7,1.51109
993,7,1.50957
994,7,1.50805
995,7,1.50653
996,7,1.50502
997,7,1.50351
998,7,1.502
999,7,1.5005
1000,7,1.499
1001,7,1.4975
1002,7,1.49601
1003,7,1.49452
1004,7,1.49303
1005,7,1.49154
1006,7,1.49006
1007,7,1.48858
1008,7,1.4871
1009,7,1.48563
1010,7,1.48416
1011,7,1.48269
1012,7,1.48123
1013,7,1.47976
1014,7,1.4783
1015,7,1.47685
1016,7,1.47539
1017,7,1.47394
1018,7,1.4725
1019,7,1.47105
1020,7,1.46961
1021,7,1.46817
1022,7,1.46673
1023,7,1.4653
1024,7,1.46387
1025,7,1.46244
1026,7,1.46101
1027,7,1.45959
1028,7,1.45817
1029,7,1.45675
1030,7,1.45534
1031,7,1.45393
1032,7,1.45252
1033,7,1.45111
1034,7,1.44971
1035,7,1.44831
1036,7,1.44691
1037,7,1.44552
1038,7,1.44412
1039,7,1.44273
1040,7,1.44135
1041,7,1.43996
1042,7,1.43858
1043,7,1.4372
1044,7,1.43582
1045,7,1.43445
1046,7,1.43308
1047,7,1.43171
1048,7,1.43034
1049,7,1.42898
1050,7,1.42762
1051,7,1.42626
1052,7,1.4249
1053,7,1.42355
1054,7,1.4222
1055,7,1.42085
1056,7,1.41951
1057,7,1.41816
1058,7,1.41682
1059,7,1.41549
1060,7,1.41415
1061,7,1.41282
1062,7,1.41149
1063,7,1.41016
1064,7,1.40883
1065,7,1.40751
1066,7,1.40619
1067,7,1.40487
1068,7,1.40356
1069,7,1.40225
1070,7,1.40093
1071,7,1.39963
1072,7,1.39832
1073,7,1.39702
1074,7,1.39572
1075,7,1.39442
1076,7,1.39312
1077,7,1.39183
1078,7,1.39054
1079,7,1.38925
1080,7,1.38796
1081,7,1.38668
1082,7,1.3854
1083,7,1.38412
1084,7,1.38284
1085,7,1.38157
1086,7,1.38029
1087,7,1.37902
1088,7,1.37776
1089,7,1.37649
1090,7,1.37523
1091,7,1.37397
1092,7,1.37271
1093,7,1.37145
1094,7,1.3702
1095,7,1.36895
1096,7,1.3677
1097,7,1.36645
1098,7,1.36521
1099,7,1.36397
1100,7,1.36273
1101,7,1.36149
1102,7,1.36025
1103,7,1.35902
1104,7,1.35779
1105,7,1.35656
1106,7,1.35533
1107,7,1.35411
1108,7,1.35289
1109,7,1.35167
1110,7,1.35045
1111,7,1.34923
1112,7,1.34802
1113,7,1.34681
1114,7,1.3456
1115,7,1.34439
1116,7,1.34319
1117,7,1.34199
1118,7,1.34079
1119,7,1.33959
1120,7,1.33839
1121,7,1.3372
1122,7,1.33601
1123,7,1.33482
1124,7,1.33363
1125,7,1.33244
1126,7,1.33126
1127,7,1.33008
1128,7,1.3289
1129,7,1.32772
1130,7,1.32655
1131,7,1.32538
1132,7,1.3242
1133,7,1.32304
1134,7,1.32187
1135,7,1.3207
1136,7,1.31954
1137,7,1.31838
1138,7,1.31722
1139,7,1.31607
1140,7,1.31491
1141,7,1.31376
1142,7,1.31261
1143,7,1.31146
1144,7,1.31031
1145,7,1.30917
1146,7,1.30803
1147,7,1.30689
1148,7,1.30575
1149,7,1.30461
1150,7,1.30348
1151,7,1.30235
1152,7,1.30122
1153,7,1.30009
1154,7,1.29896
1155,7,1.29784
1156,7,1.29671
1157,7,1.29559
1158,7,1.29447
1159,7,1.29336
1160,7,1.29224
1161,7,1.29113
1162,7,1.29002
1163,7,1.28891
1164,7,1.2878
1165,7,1.2867
1166,7,1.28559
1167,7,1.28449
1168,7,1.28339
1169,7,1.28229
1170,7,1.2812
1171,7,1.2801
1172,7,1.27901
1173,7,1.27792
1174,7,1.27683
1175,7,1.27574
1176,7,1.27466
1177,7,1.27358
1178,7,1.2725
1179,7,1.27142
1180,7,1.27034
1181,7,1.26926
1182,7,1.26819
1183,7,1.26712
1184,7,1.26605
1185,7,1.26498
1186,7,1.26391
1187,7,1.26285
1188,7,1.26178
1189,7,1.26072
1190,7,1.25966
1191,7,1.25861
1192,7,1.25755
1193,7,1.2565
1194,7,1.25544
1195,7,1.25439
1196,7,1.25334
1197,7,1.2523
1198,7,1.25125
1199,7,1.25021
1200,7,1.24917
1201,7,1.24813
1202,7,1.24709
1203,7,1.24605
1204,7,1.24502
1205,7,1.24398
1206,7,1.24295
1207,7,1.24192
1208,7,1.24089
1209,7,1.23987
1210,7,1.23884
1211,7,1.23782
1212,7,1.2368
1213,7,1.23578
1214,7,1.23476
1215,7,1.23374
1216,7,1.23273
1217,7,1.23172
1218,7,1.23071
1219,7,1.2297
1220,7,1.22869
1221,7,1.22768
1222,7,1.22668
1223,7,1.22567
1224,7,1.22467
1225,7,1.22367
1226,7,1.22268
1227,7,1.22168
1228,7,1.22068
1229,7,1.21969
1230,7,1.2187
1231,7,1.21771
1232,7,1.21672
1233,7,1.21573
1234,7,1.21475
1235,7,1.21377
1236,7,1.21278
1237,7,1.2118
1238,7,1.21082
1239,7,1.20985
1240,7,1.20887
1241,7,1.2079
1242,7,1.20692
1243,7,1.20595
1244,7,1.20498
1245,7,1.20402
1246,7,1.20305
1247,7,1.20209
1248,7,1.20112
1249,7,1.20016
1250,7,1.1992
1251,7,1.19824
1252,7,1.19728
1253,7,1.19633
1254,7,1.19537
1255,7,1.19442
1256,7,1.19347
1257,7,1.19252
1258,7,1.19157
1259,7,1.19063
1260,7,1.18968
1261,7,1.18874
1262,7,1.1878
1263,7,1.18686
1264,7,1.18592
1265,7,1.18498
1266,7,1.18404
1267,7,1.18311
1268,7,1.18218
1269,7,1.18125
1270,7,1.18031
1271,7,1.17939
1272,7,1.17846
1273,7,1.17753
1274,7,1.17661
1275,7,1.17569
1276,7,1.17476
1277,7,1.17384
1278,7,1.17293
1279,7,1.17201
1280,7,1.17109
1281,7,1.17018
1282,7,1.16927
1283,7,1.16836
1284,7,1.16745
1285,7,1.16654
1286,7,1.16563
1287,7,1.16472
1288,7,1.16382
1289,7,1.16292
1290,7,1.16202
1291,7,1.16112
1292,7,1.16022
1293,7,1.15932
1294,7,1.15842
1295,7,1.15753
1296,7,1.15664
1297,7,1.15574
1298,7,1.15485
1299,7,1.15396
1300,7,1.15308
1301,7,1.15219
1302,7,1.15131
1303,7,1.15042
1304,7,1.14954
1305,7,1.14866
1306,7,1.14778
1307,7,1.1469
1308,7,1.14602
1309,7,1.14515
1310,7,1.14427
1311,7,1.1434
1312,7,1.14253
1313,7,1.14166
1314,7,1.14079
1315,7,1.13992
1316,7,1.13906
1317,7,1.13819
1318,7,1.13733
1319,7,1.13647
1320,7,1.13561
1321,7,1.13475
1322,7,1.13389
1323,7,1.13303
1324,7,1.13218
1325,7,1.13132
1326,7,1.13047
1327,7,1.12962
1328,7,1.12877
1329,7,1.12792
1330,7,1.12707
1331,7,1.12622
1332,7,1.12538
1333,7,1.12453
1334,7,1.12369
1335,7,1.12285
1336,7,1.12201
1337,7,1.12117
1338,7,1.12033
1339,7,1.11949
1340,7,1.11866
1341,7,1.11782
1342,7,1.11699
1343,7,1.11616
1344,7,1.11533
1345,7,1.1145
1346,7,1.11367
1347,7,1.11284
1348,7,1.11202
1349,7,1.11119
1350,7,1.11037
1351,7,1.10955
1352,7,1.10873
1353,7,1.10791
1354,7,1.10709
1355,7,1.10627
1356,7,1.10546
1357,7,1.10464
1358,7,1.10383
1359,7,1.10302
1360,7,1.10221
1361,7,1.1014
1362,7,1.10059
1363,7,1.09978
1364,7,1.09897
1365,7,1.09817
1366,7,1.09736
1367,7,1.09656
1368,7,1.09576
1369,7,1.09496
1370,7,1.09416
1371,7,1.09336
1372,7,1.09257
1373,7,1.09177
1374,7,1.09098
1375,7,1.09018
1376,7,1.08939
1377,7,1.0886
1378,7,1.08781
1379,7,1.08702
1380,7,1.08623
1381,7,1.08545
1382,7,1.08466
1383,7,1.08388
1384,7,1.08309
1385,7,1.08231
1386,7,1.08153
1387,7,1.08075
1388,7,1.07997
1389,7,1.07919
1390,7,1.07842
1391,7,1.07764
1392,7,1.07687
1393,7,1.07609
1394,7,1.07532
1395,7,1.07455
1396,7,1.07378
1397,7,1.07301
1398,7,1.07225
1399,7,1.07148
1400,7,1.07071
1401,7,1.06995
1402,7,1.06919
1403,7,1.06842
1404,7,1.06766
1405,7,1.0669
1406,7,1.06615
1407,7,1.06539
1408,7,1.06463
1409,7,1.06388
1410,7,1.06312
1411,7,1.06237
1412,7,1.06161
1413,7,1.06086
1414,7,1.06011
1415,7,1.05936
1416,7,1.05862
1417,7,1.05787
1418,7,1.05712
1419,7,1.05638
1420,7,1.05563
1421,7,1.05489
1422,7,1.05415
1423,7,1.05341
1424,7,1.05267
1425,7,1.05193
1426,7,1.05119
1427,7,1.05046
1428,7,1.04972
1429,7,1.04899
1430,7,1.04825
1431,7,1.04752
1432,7,1.04679
1433,7,1.04606
1434,7,1.04533
1435,7,1.0446
1436,7,1.04387
1437,7,1.04315
1438,7,1.04242
1439,7,1.0417
1440,7,1.04097
1441,7,1.04025
1442,7,1.03953
1443,7,1.03881
1444,7,1.03809
1445,7,1.03737
1446,7,1.03665
1447,7,1.03594
1448,7,1.03522
1449,7,1.03451
1450,7,1.03379
1451,7,1.03308
1452,7,1.03237
1453,7,1.03166
1454,7,1.03095
1455,7,1.03024
1456,7,1.02953
1457,7,1.02883
1458,7,1.02812
1459,7,1.02742
1460,7,1.02671
1461,7,1.02601
1462,7,1.02531
1463,7,1.02461
1464,7,1.02391
1465,7,1.02321
1466,7,1.02251
1467,7,1.02181
1468,7,1.02112
1469,7,1.02042
1470,7,1.01973
1471,7,1.01903
1472,7,1.01834
1473,7,1.01765
1474,7,1.01696
1475,7,1.01627
1476,7,1.01558
1477,7,1.0149
1478,7,1.01421
1479,7,1.01352
1480,7,1.01284
1481,7,1.01215
1482,7,1.01147
1483,7,1.01079
1484,7,1.01011
1485,7,1.00943
1486,7,1.00875
1487,7,1.00807
1488,7,1.00739
1489,7,1.00672
1490,7,1.00604
1491,7,1.00537
1492,7,1.00469
1493,7,1.00402
1494,7,1.00335
1495,7,1.00268
1496,7,1.00201
1497,7,1.00134
1498,7,1.00067
1499,7,1
1500,7,0.999333
1501,7,0.998668
1502,7,0.998003
1503,7,0.997339
1504,7,0.996676
1505,7,0.996013
1506,7,0.995352
1507,7,0.994691
1508,7,0.994032
1509,7,0.993373
1510,7,0.992715
1511,7,0.992058
1512,7,0.991402
1513,7,0.990747
1514,7,0.990092
1515,7,0.989439
1516,7,0.988786
1517,7,0.988134
1518,7,0.987484
1519,7,0.986833
1520,7,0.986184
1521,7,0.985536
1522,7,0.984888
1523,7,0.984242
1524,7,0.983596
1525,7,0.982951
1526,7,0.982307
1527,7,0.981663
1528,7,0.981021
1529,7,0.980379
1530,7,0.979739
1531,7,0.979099
1532,7,0.97846
1533,7,0.977821
1534,7,0.977184
1535,7,0.976547
1536,7,0.975911
1537,7,0.975277
1538,7,0.974642
1539,7,0.974009
1540,7,0.973377
1541,7,0.972745
1542,7,0.972114
1543,7,0.971484
1544,7,0.970855
1545,7,0.970227
1546,7,0.969599
1547,7,0.968972
1548,7,0.968346
1549,7,0.967721
1550,7,0.967097
1551,7,0.966473
1552,7,0.965851
1553,7,0.965229
1554,7,0.964607
1555,7,0.963987
1556,7,0.963368
1557,7,0.962749
1558,7,0.962131
1559,7,0.961514
1560,7,0.960897
1561,7,0.960282
1562,7,0.959667
1563,7,0.959053
1564,7,0.95844
1565,7,0.957827
1566,7,0.957216
1567,7,0.956605
1568,7,0.955995
1569,7,0.955386
1570,7,0.954777
1571,7,0.954169
1572,7,0.953562
1573,7,0.952956
1574,7,0.952351
1575,7,0.951746
1576,7,0.951142
1577,7,0.950539
1578,7,0.949937
1579,7,0.949335
1580,7,0.948734
1581,7,0.948134
1582,7,0.947535
1583,7,0.946936
1584,7,0.946338
1585,7,0.945741
1586,7,0.945145
1587,7,0.944549
1588,7,0.943955
1589,7,0.943361
1590,7,0.942767
1591,7,0.942175
1592,7,0.941583
1593,7,0.940992
1594,7,0.940402
1595,7,0.939812
1596,7,0.939223
1597,7,0.938635
1598,7,0.938048
1599,7,0.937461
1600,7,0.936875
1601,7,0.93629
1602,7,0.935705
1603,7,0.935122
1604,7,0.934539
1605,7,0.933956
1606,7,0.933375
1607,7,0.932794
1608,7,0.932214
1609,7,0.931635
1610,7,0.931056
1611,7,0.930478
1612,7,0.929901
1613,7,0.929324
1614,7,0.928748
1615,7,0.928173
1616,7,0.927599
1617,7,0.927025
1618,7,0.926452
1619,7,0.92588
1620,7,0.925309
1621,7,0.924738
1622,7,0.924168
1623,7,0.923598
1624,7,0.92303
1625,7,0.922462
1626,7,0.921894
1627,7,0.921328
1628,7,0.920762
1629,7,0.920196
1630,7,0.919632
1631,7,0.919068
1632,7,0.918505
1633,7,0.917942
1634,7,0.917381
1635,7,0.91682
1636,7,0.916259
1637,7,0.915699
1638,7,0.91514
1639,7,0.914582
1640,7,0.914024
1641,7,0.913467
1642,7,0.912911
1643,7,0.912355
1644,7,0.9118
1645,7,0.911246
1646,7,0.910693
1647,7,0.91014
1648,7,0.909587
1649,7,0.909036
1650,7,0.908485
1651,7,0.907935
1652,7,0.907385
1653,7,0.906836
1654,7,0.906288
1655,7,0.90574
1656,7,0.905193
1657,7,0.904647
1658,7,0.904101
1659,7,0.903556
1660,7,0.903012
1661,7,0.902468
1662,7,0.901925
1663,7,0.901383
1664,7,0.900841
1665,7,0.9003
1666,7,0.89976
1667,7,0.89922
1668,7,0.898681
1669,7,0.898143
1670,7,0.897605
1671,7,0.897068
1672,7,0.896531
1673,7,0.895995
1674,7,0.89546
1675,7,0.894925
1676,7,0.894391
1677,7,0.893858
1678,7,0.893325
1679,7,0.892793
1680,7,0.892262
1681,7,0.891731
1682,7,0.891201
1683,7,0.890671
1684,7,0.890143
1685,7,0.889614
1686,7,0.889087
1687,7,0.88856
1688,7,0.888033
1689,7,0.887507
1690,7,0.886982
1691,7,0.886458
1692,7,0.885934
1693,7,0.885411
1694,6,0.884888
1695,6,0.884366
1696,6,0.883844
1697,6,0.883324
1698,6,0.882803
1699,6,0.882284
1700,6,0.881765
1701,6,0.881246
1702,6,0.880729
1703,6,0.880211
1704,6,0.879695
1705,6,0.879179
1706,6,0.878664
1707,6,0.878149
1708,6,0.877635
1709,6,0.877121
1710,6,0.876608
1711,6,0.876096
1712,6,0.875584
1713,6,0.875073
1714,6,0.874562
1715,6,0.874052
1716,6,0.873543
1717,6,0.873034
1718,6,0.872526
1719,6,0.872019
1720,6,0.871512
1721,6,0.871005
1722,6,0.870499
1723,6,0.869994
1724,6,0.86949
1725,6,0.868986
1726,6,0.868482
1727,6,0.867979
1728,6,0.867477
1729,5,0.866975
1730,5,0.866474
1731,5,0.865973
1732,5,0.865473
1733,5,0.864974
1734,5,0.864475
1735,5,0.863977
1736,5,0.863479
1737,5,0.862982
1738,5,0.862486
1739,5,0.86199
1740,5,0.861494
1741,5,0.860999
1742,5,0.860505
1743,5,0.860011
1744,5,0.859518
1745,5,0.859026
1746,5,0.858534
1747,5,0.858042
1748,5,0.857551
1749,5,0.857061
1750,5,0.856571
1751,5,0.856082
1752,5,0.855594
1753,5,0.855106
1754,5,0.854618
1755,5,0.854131
1756,5,0.853645
1757,5,0.853159
1758,5,0.852673
1759,5,0.852189
1760,5,0.851705
1761,5,0.851221
1762,5,0.850738
1763,5,0.850255
1764,5,0.849773
1765,5,0.849292
1766,5,0.848811
1767,5,0.848331
1768,5,0.847851
1769,5,0.847371
1770,5,0.846893
1771,5,0.846414
1772,5,0.845937
1773,5,0.84546
1774,5,0.844983
1775,5,0.844507
1776,5,0.844032
1777,5,0.843557
1778,5,0.843082
1779,5,0.842608
1780,5,0.842135
1781,5,0.841662
1782,5,0.84119
1783,4,0.840718
1784,4,0.840247
1785,4,0.839776
1786,4,0.839306
1787,4,0.838836
1788,4,0.838367
1789,4,0.837898
1790,4,0.83743
1791,4,0.836963
1792,4,0.836496
1793,4,0.836029
1794,4,0.835563
1795,4,0.835097
1796,4,0.834633
1797,4,0.834168
1798,4,0.833704
1799,4,0.833241
1800,4,0.832778
1801,4,0.832315
1802,4,0.831853
1803,4,0.831392
1804,4,0.830931
1805,4,0.830471
1806,4,0.830011
1807,4,0.829552
1808,4,0.829093
1809,4,0.828635
1810,4,0.828177
1811,4,0.827719
1812,4,0.827263
1813,4,0.826806
1814,4,0.826351
1815,4,0.825895
1816,4,0.825441
1817,4,0.824986
1818,4,0.824532
1819,4,0.824079
1820,4,0.823626
1821,4,0.823174
1822,4,0.822722
1823,4,0.822271
1824,4,0.82182
1825,4,0.82137
1826,4,0.82092
1827,4,0.820471
1828,4,0.820022
1829,4,0.819574
1830,4,0.819126
1831,4,0.818678
1832,4,0.818231
1833,4,0.817785
1834,4,0.817339
1835,4,0.816894
1836,4,0.816449
1837,4,0.816004
1838,4,0.81556
1839,4,0.815117
1840,4,0.814674
1841,4,0.814231
1842,4,0.813789
1843,4,0.813348
1844,4,0.812907
1845,4,0.812466
1846,4,0.812026
1847,4,0.811586
1848,4,0.811147
1849,4,0.810708
1850,4,0.81027
1851,4,0.809833
1852,4,0.809395
1853,4,0.808958
1854,4,0.808522
1855,4,0.808086
1856,4,0.807651
1857,4,0.807216
1858,4,0.806781
1859,4,0.806347
1860,4,0.805914
1861,4,0.805481
1862,4,0.805048
1863,4,0.804616
1864,4,0.804185
1865,4,0.803753
1866,4,0.803323
1867,4,0.802892
1868,4,0.802463
1869,4,0.802033
1870,4,0.801604
1871,4,0.801176
1872,4,0.800748
1873,4,0.80032
1874,4,0.799893
1875,4,0.799467
1876,4,0.799041
1877,4,0.798615
1878,4,0.79819
1879,4,0.797765
1880,4,0.79734
1881,4,0.796917
1882,4,0.796493
1883,4,0.79607
1884,4,0.795648
1885,4,0.795225
1886,4,0.794804
1887,4,0.794383
1888,4,0.793962
1889,4,0.793542
1890,4,0.793122
1891,4,0.792702
1892,4,0.792283
1893,4,0.791865
1894,4,0.791447
1895,4,0.791029
1896,4,0.790612
1897,4,0.790195
1898,4,0.789779
1899,4,0.789363
1900,4,0.788947
1901,4,0.788532
1902,4,0.788118
1903,4,0.787704
1904,4,0.78729
1905,4,0.786877
1906,4,0.786464
1907,4,0.786051
1908,4,0.785639
1909,4,0.785228
1910,3,0.784817
1911,3,0.784406
1912,3,0.783996
1913,3,0.783586
1914,3,0.783177
1915,3,0.782768
1916,3,0.782359
1917,3,0.781951
1918,3,0.781543
1919,3,0.781136
1920,3,0.780729
1921,3,0.780323
1922,3,0.779917
1923,3,0.779511
1924,3,0.779106
1925,3,0.778701
1926,3,0.778297
1927,3,0.777893
1928,3,0.77749
1929,3,0.777087
1930,3,0.776684
1931,3,0.776282
1932,3,0.77588
1933,3,0.775479
1934,3,0.775078
1935,3,0.774677
1936,3,0.774277
1937,3,0.773877
1938,3,0.773478
1939,3,0.773079
1940,3,0.77268
1941,3,0.772282
1942,3,0.771885
1943,3,0.771487
1944,3,0.771091
1945,3,0.770694
1946,3,0.770298
1947,3,0.769902
1948,3,0.769507
1949,3,0.769112
1950,3,0.768718
1951,3,0.768324
1952,3,0.76793
1953,3,0.767537
1954,3,0.767144
1955,3,0.766752
1956,3,0.76636
1957,3,0.765968
1958,3,0.765577
1959,3,0.765186
1960,3,0.764796
1961,3,0.764406
1962,3,0.764016
1963,3,0.763627
1964,3,0.763238
1965,3,0.76285
1966,3,0.762462
1967,3,0.762074
1968,3,0.761687
1969,3,0.7613
1970,3,0.760914
1971,3,0.760528
1972,3,0.760142
1973,3,0.759757
1974,3,0.759372
1975,3,0.758987
1976,3,0.758603
1977,3,0.75822
1978,3,0.757836
1979,3,0.757453
1980,3,0.757071
1981,3,0.756689
1982,3,0.756307
1983,3,0.755925
1984,3,0.755544
1985,3,0.755164
1986,3,0.754783
1987,3,0.754404
1988,3,0.754024
1989,2,0.753645
1990,2,0.753266
1991,2,0.752888
1992,2,0.75251
1993,2,0.752132
1994,2,0.751755
1995,2,0.751378
1996,2,0.751002
1997,2,0.750626
1998,2,0.75025
1999,2,0.749875
2000,2,0.7495
2001,2,0.749125
2002,2,0.748751
2003,2,0.748377
2004,2,0.748004
2005,2,0.747631
2006,2,0.747258
2007,2,0.746886
2008,2,0.746514
2009,2,0.746142
2010,2,0.745771
2011,2,0.7454
2012,2,0.74503
2013,2,0.74466
2014,2,0.74429
2015,2,0.743921
2016,2,0.743552
2017,2,0.743183
2018,2,0.742815
2019,2,0.742447
2020,2,0.742079
2021,2,0.741712
2022,2,0.741345
2023,2,0.740979
2024,2,0.740613
2025,2,0.740247
2026,2,0.739882
2027,2,0.739517
2028,2,0.739152
2029,2,0.738788
2030,2,0.738424
2031,2,0.73806
2032,2,0.737697
2033,2,0.737334
2034,2,0.736971
2035,2,0.736609
2036,2,0.736248
2037,2,0.735886
2038,2,0.735525
2039,2,0.735164
2040,2,0.734804
2041,2,0.734444
2042,2,0.734084
2043,2,0.733725
2044,2,0.733366
2045,2,0.733007
2046,2,0.732649
2047,2,0.732291
2048,2,0.731934
2049,2,0.731576
2050,2,0.73122
2051,2,0.730863
2052,2,0.730507
2053,2,0.730151
2054,2,0.729796
2055,2,0.72944
2056,2,0.729086
2057,2,0.728731
2058,2,0.728377
2059,2,0.728023
2060,2,0.72767
2061,2,0.727317
2062,2,0.726964
2063,2,0.726612
2064,2,0.72626
2065,2,0.725908
2066,2,0.725557
2067,2,0.725206
2068,2,0.724855
2069,2,0.724505
2070,2,0.724155
2071,2,0.723805
2072,2,0.723456
2073,2,0.723107
2074,2,0.722758
2075,2,0.72241
2076,2,0.722062
2077,2,0.721714
2078,2,0.721367
2079,2,0.72102
2080,2,0.720673
2081,2,0.720327
2082,2,0.719981
2083,2,0.719635
2084,2,0.71929
2085,2,0.718945
2086,2,0.7186
2087,2,0.718256
2088,2,0.717912
2089,2,0.717568
2090,2,0.717225
2091,2,0.716882
2092,2,0.716539
2093,2,0.716197
2094,2,0.715855
2095,2,0.715513
2096,2,0.715172
2097,2,0.714831
2098,2,0.71449
2099,2,0.71415
2100,2,0.71381
2101,2,0.71347
2102,2,0.71313
2103,2,0.712791
2104,2,0.712452
2105,2,0.712114
2106,2,0.711776
2107,2,0.711438
2108,2,0.711101
2109,2,0.710763
2110,2,0.710427
2111,2,0.71009
2112,2,0.709754
2113,2,0.709418
2114,2,0.709082
2115,2,0.708747
2116,2,0.708412
2117,2,0.708077
2118,2,0.707743
2119,2,0.707409
2120,2,0.707075
2121,2,0.706742
2122,2,0.706409
2123,2,0.706076
2124,2,0.705744
2125,2,0.705412
2126,2,0.70508
2127,2,0.704748
2128,2,0.704417
2129,2,0.704086
2130,2,0.703756
2131,2,0.703426
2132,2,0.703096
2133,2,0.702766
2134,2,0.702437
2135,2,0.702108
2136,2,0.701779
2137,2,0.701451
2138,2,0.701123
2139,2,0.700795
2140,2,0.700467
2141,2,0.70014
2142,2,0.699813
2143,2,0.699487
2144,2,0.69916
2145,2,0.698834
2146,2,0.698509
2147,2,0.698184
2148,2,0.697858
2149,2,0.697534
2150,2,0.697209
2151,2,0.696885
2152,2,0.696561
2153,2,0.696238
2154,2,0.695915
2155,2,0.695592
2156,2,0.695269
2157,2,0.694947
2158,2,0.694625
2159,2,0.694303
2160,2,0.693981
2161,2,0.69366
2162,2,0.69334
2163,2,0.693019
2164,2,0.692699
2165,2,0.692379
2166,2,0.692059
2167,2,0.69174
2168,2,0.691421
2169,2,0.691102
2170,2,0.690783
2171,2,0.690465
2172,2,0.690147
2173,2,0.68983
2174,2,0.689512
2175,2,0.689195
2176,2,0.688879
2177,2,0.688562
2178,2,0.688246
2179,2,0.68793
2180,2,0.687615
2181,2,0.687299
2182,2,0.686984
2183,2,0.68667
2184,2,0.686355
2185,2,0.686041
2186,2,0.685727
2187,2,0.685414
2188,2,0.685101
2189,2,0.684788
2190,2,0.684475
2191,2,0.684162
2192,2,0.68385
2193,2,0.683539
2194,2,0.683227
2195,2,0.682916
2196,2,0.682605
2197,2,0.682294
2198,2,0.681984
2199,2,0.681673
2200,2,0.681364
2201,2,0.681054
2202,2,0.680745
2203,2,0.680436
2204,2,0.680127
2205,2,0.679819
2206,2,0.67951
2207,2,0.679203
2208,2,0.678895
2209,2,0.678588
2210,2,0.678281
2211,2,0.677974
2212,2,0.677667
2213,2,0.677361
2214,2,0.677055
2215,2,0.676749
2216,2,0.676444
2217,2,0.676139
2218,2,0.675834
2219,2,0.67553
2220,2,0.675225
2221,2,0.674921
2222,2,0.674617
2223,2,0.674314
2224,2,0.674011
2225,2,0.673708
2226,2,0.673405
2227,2,0.673103
2228,2,0.672801
2229,2,0.672499
2230,2,0.672197
2231,2,0.671896
2232,2,0.671595
2233,2,0.671294
2234,2,0.670994
2235,2,0.670694
2236,2,0.670394
2237,2,0.670094
2238,2,0.669794
2239,2,0.669495
2240,2,0.669196
2241,2,0.668898
2242,2,0.668599
2243,2,0.668301
2244,2,0.668004
2245,2,0.667706
2246,2,0.667409
2247,2,0.667112
2248,2,0.666815
2249,2,0.666518
2250,2,0.666222
2251,2,0.665926
2252,2,0.665631
2253,2,0.665335
2254,2,0.66504
2255,1,0.664745
2256,1,0.66445
2257,1,0.664156
2258,1,0.663862
2259,1,0.663568
2260,1,0.663274
2261,1,0.662981
2262,1,0.662688
2263,1,0.662395
2264,1,0.662102
2265,1,0.66181
2266,1,0.661518
2267,1,0.661226
2268,1,0.660935
2269,1,0.660643
2270,1,0.660352
2271,1,0.660062
2272,1,0.659771
2273,1,0.659481
2274,1,0.659191
2275,1,0.658901
2276,1,0.658612
2277,1,0.658322
2278,1,0.658033
2279,1,0.657745
2280,1,0.657456
2281,1,0.657168
2282,1,0.65688
2283,1,0.656592
2284,1,0.656305
2285,1,0.656018
2286,1,0.655731
2287,1,0.655444
2288,1,0.655157
2289,1,0.654871
2290,1,0.654585
2291,1,0.654299
2292,1,0.654014
2293,1,0.653729
2294,1,0.653444
2295,1,0.653159
2296,1,0.652875
2297,1,0.65259
2298,1,0.652306
2299,1,0.652023
2300,1,0.651739
2301,1,0.651456
2302,1,0.651173
2303,1,0.65089
2304,1,0.650608
2305,1,0.650325
2306,1,0.650043
2307,1,0.649762
2308,1,0.64948
2309,1,0.649199
2310,1,0.648918
2311,1,0.648637
2312,1,0.648356
2313,1,0.648076
2314,1,0.647796
2315,1,0.647516
2316,1,0.647237
2317,1,0.646957
2318,1,0.646678
2319,1,0.646399
2320,1,0.646121
2321,1,0.645842
2322,1,0.645564
2323,1,0.645286
2324,1,0.645009
2325,1,0.644731
2326,1,0.644454
2327,1,0.644177
2328,1,0.6439
2329,1,0.643624
2330,1,0.643348
2331,1,0.643072
2332,1,0.642796
2333,1,0.64252
2334,1,0.642245
2335,1,0.64197
2336,1,0.641695
2337,1,0.641421
2338,1,0.641146
2339,1,0.640872
2340,1,0.640598
2341,1,0.640325
2342,1,0.640051
2343,1,0.639778
2344,1,0.639505
2345,1,0.639232
2346,1,0.63896
2347,1,0.638688
2348,1,0.638416
2349,1,0.638144
2350,1,0.637872
2351,1,0.637601
2352,1,0.63733
2353,1,0.637059
2354,1,0.636788
2355,1,0.636518
2356,1,0.636248
2357,1,0.635978
2358,1,0.635708
2359,1,0.635439
2360,1,0.635169
2361,1,0.6349
2362,1,0.634632
2363,1,0.634363
2364,1,0.634095
2365,1,0.633827
2366,1,0.633559
2367,1,0.633291
2368,1,0.633024
2369,1,0.632756
2370,1,0.632489
2371,1,0.632223
2372,1,0.631956
2373,1,0.63169
2374,1,0.631424
2375,1,0.631158
2376,1,0.630892
2377,1,0.630627
2378,1,0.630362
2379,1,0.630097
2380,1,0.629832
2381,1,0.629567
2382,1,0.629303
2383,1,0.629039
2384,1,0.628775
2385,1,0.628512
2386,1,0.628248
2387,1,0.627985
2388,1,0.627722
2389,1,0.627459
2390,1,0.627197
2391,1,0.626934
2392,1,0.626672
2393,1,0.62641
2394,1,0.626149
2395,1,0.625887
2396,1,0.625626
2397,1,0.625365
2398,1,0.625104
2399,1,0.624844
2400,1,0.624583
2401,1,0.624323
2402,1,0.624063
2403,1,0.623804
2404,1,0.623544
2405,1,0.623285
2406,1,0.623026
2407,1,0.622767
2408,1,0.622508
2409,1,0.62225
2410,1,0.621992
2411,1,0.621734
2412,1,0.621476
2413,1,0.621218
2414,1,0.620961
2415,1,0.620704
2416,1,0.620447
2417,1,0.62019
2418,1,0.619934
2419,1,0.619678
2420,1,0.619421
2421,1,0.619166
2422,1,0.61891
2423,1,0.618655
2424,1,0.618399
2425,1,0.618144
2426,1,0.61789
2427,1,0.617635
2428,1,0.617381
2429,1,0.617126
2430,1,0.616872
2431,1,0.616619
2432,1,0.616365
2433,1,0.616112
2434,1,0.615859
2435,1,0.615606
2436,1,0.615353
2437,1,0.615101
2438,1,0.614848
2439,1,0.614596
2440,1,0.614344
2441,1,0.614093
2442,1,0.613841
2443,1,0.61359
2444,1,0.613339
2445,1,0.613088
2446,1,0.612837
2447,1,0.612587
2448,1,0.612337
2449,1,0.612087
2450,1,0.611837
2451,1,0.611587
2452,1,0.611338
2453,1,0.611088
2454,1,0.610839
2455,1,0.610591
2456,1,0.610342
2457,1,0.610094
2458,1,0.609845
2459,1,0.609597
2460,1,0.60935
2461,1,0.609102
2462,1,0.608855
2463,1,0.608607
2464,1,0.60836
2465,1,0.608114
2466,1,0.607867
2467,1,0.607621
2468,1,0.607374
2469,1,0.607128
2470,1,0.606883
2471,1,0.606637
2472,1,0.606392
2473,1,0.606146
2474,1,0.605901
2475,1,0.605657
2476,1,0.605412
2477,1,0.605168
2478,1,0.604923
2479,1,0.604679
2480,1,0.604435
2481,1,0.604192
2482,1,0.603948
2483,1,0.603705
2484,1,0.603462
2485,1,0.603219
2486,1,0.602977
2487,1,0.602734
2488,1,0.602492
2489,1,0.60225
2490,1,0.602008
2491,1,0.601766
2492,1,0.601525
2493,1,0.601284
2494,1,0.601043
2495,1,0.600802
2496,1,0.600561
2497,1,0.60032
2498,1,0.60008
2499,1,0.59984
2500,1,0.5996
2501,1,0.59936
2502,1,0.599121
2503,1,0.598881
2504,1,0.598642
2505,1,0.598403
2506,1,0.598164
2507,1,0.597926
2508,1,0.597687
2509,1,0.597449
2510,1,0.597211
2511,1,0.596973
2512,1,0.596736
2513,1,0.596498
2514,1,0.596261
2515,1,0.596024
2516,1,0.595787
2517,1,0.59555
2518,1,0.595314
2519,1,0.595077
2520,1,0.594841
2521,1,0.594605
2522,1,0.59437
2523,1,0.594134
2524,1,0.593899
2525,1,0.593663
2526,1,0.593428
2527,1,0.593194
2528,1,0.592959
2529,1,0.592724
2530,1,0.59249
2531,1,0.592256
2532,1,0.592022
2533,1,0.591788
2534,1,0.591555
2535,1,0.591321
2536,1,0.591088
2537,1,0.590855
2538,1,0.590623
2539,1,0.59039
2540,1,0.590157
2541,1,0.589925
2542,1,0.589693
2543,1,0.589461
2544,1,0.58923
2545,1,0.588998
2546,1,0.588767
2547,1,0.588536
2548,1,0.588305
2549,1,0.588074
2550,1,0.587843
2551,1,0.587613
2552,1,0.587382
2553,1,0.587152
2554,1,0.586922
2555,1,0.586693
2556,1,0.586463
2557,1,0.586234
2558,1,0.586005
2559,1,0.585776
2560,1,0.585547
2561,1,0.585318
2562,1,0.58509
2563,1,0.584861
2564,1,0.584633
2565,1,0.584405
2566,1,0.584178
2567,1,0.58395
2568,1,0.583723
2569,1,0.583496
2570,1,0.583268
2571,1,0.583042
2572,1,0.582815
2573,1,0.582588
2574,1,0.582362
2575,1,0.582136
2576,1,0.58191
2577,1,0.581684
2578,1,0.581458
2579,1,0.581233
2580,1,0.581008
2581,1,0.580783
2582,1,0.580558
2583,1,0.580333
2584,1,0.580108
2585,1,0.579884
2586,1,0.57966
2587,1,0.579436
2588,1,0.579212
2589,1,0.578988
2590,1,0.578764
2591,1,0.578541
2592,1,0.578318
2593,1,0.578095
2594,1,0.577872
2595,1,0.577649
2596,1,0.577427
2597,1,0.577204
2598,1,0.576982
2599,1,0.57676
2600,1,0.576538
2601,1,0.576317
2602,1,0.576095
2603,1,0.575874
2604,1,0.575653
2605,1,0.575432
2606,1,0.575211
2607,1,0.57499
2608,1,0.57477
2609,1,0.57455
2610,1,0.57433
2611,1,0.57411
2612,1,0.57389
2613,1,0.57367
2614,1,0.573451
2615,1,0.573231
2616,1,0.573012
2617,1,0.572793
2618,1,0.572574
2619,1,0.572356
2620,1,0.572137
2621,1,0.571919
2622,1,0.571701
2623,1,0.571483
2624,1,0.571265
2625,1,0.571048
2626,1,0.57083
2627,1,0.570613
2628,1,0.570396
2629,1,0.570179
2630,1,0.569962
2631,1,0.569745
2632,1,0.569529
2633,1,0.569313
2634,1,0.569096
2635,1,0.56888
2636,1,0.568665
2637,1,0.568449
2638,1,0.568234
2639,1,0.568018
2640,1,0.567803
2641,1,0.567588
2642,1,0.567373
2643,1,0.567159
2644,1,0.566944
2645,1,0.56673
2646,1,0.566515
2647,1,0.566301
2648,1,0.566088
2649,1,0.565874
2650,1,0.56566
2651,1,0.565447
2652,1,0.565234
2653,1,0.565021
2654,1,0.564808
2655,1,0.564595
2656,1,0.564383
2657,1,0.56417
2658,1,0.563958
2659,1,0.563746
2660,1,0.563534
2661,1,0.563322
2662,1,0.56311
2663,1,0.562899
2664,1,0.562688
2665,1,0.562477
2666,1,0.562266
2667,1,0.562055
2668,1,0.561844
2669,1,0.561634
2670,1,0.561423
2671,1,0.561213
2672,1,0.561003
2673,1,0.560793
2674,1,0.560583
2675,1,0.560374
2676,1,0.560164
2677,1,0.559955
2678,1,0.559746
2679,1,0.559537
2680,1,0.559328
2681,1,0.55912
2682,1,0.558911
2683,1,0.558703
2684,1,0.558495
2685,1,0.558287
2686,1,0.558079
2687,1,0.557871
2688,1,0.557664
2689,1,0.557456
2690,1,0.557249
2691,1,0.557042
2692,1,0.556835
2693,1,0.556628
2694,1,0.556422
2695,1,0.556215
2696,1,0.556009
2697,1,0.555803
2698,1,0.555597
2699,1,0.555391
2700,1,0.555185
2701,1,0.55498
2702,1,0.554774
2703,1,0.554569
2704,1,0.554364
2705,1,0.554159
2706,1,0.553954
2707,1,0.55375
2708,1,0.553545
2709,1,0.553341
2710,1,0.553137
2711,1,0.552932
2712,1,0.552729
2713,1,0.552525
2714,1,0.552321
2715,1,0.552118
2716,1,0.551915
2717,1,0.551711
2718,1,0.551508
2719,1,0.551306
2720,1,0.551103
2721,1,0.5509
2722,1,0.550698
2723,1,0.550496
2724,1,0.550294
2725,1,0.550092
2726,1,0.54989
2727,1,0.549688
2728,1,0.549487
2729,1,0.549285
2730,1,0.549084
2731,1,0.548883
2732,1,0.548682
2733,1,0.548482
2734,1,0.548281
2735,1,0.54808
2736,1,0.54788
2737,1,0.54768
2738,1,0.54748
2739,1,0.54728
2740,1,0.54708
2741,1,0.546881
2742,1,0.546681
2743,1,0.546482
2744,1,0.546283
2745,1,0.546084
2746,1,0.545885
2747,1,0.545686
2748,1,0.545488
2749,1,0.545289
2750,1,0.545091
2751,1,0.544893
2752,1,0.544695
2753,1,0.544497
2754,1,0.544299
2755,1,0.544102
2756,1,0.543904
2757,1,0.543707
2758,1,0.54351
2759,1,0.543313
2760,1,0.543116
2761,1,0.542919
2762,1,0.542723
2763,1,0.542526
2764,1,0.54233
2765,1,0.542134
2766,1,0.541938
2767,1,0.541742
2768,1,0.541546
2769,1,0.541351
2770,1,0.541155
2771,1,0.54096
2772,1,0.540765
2773,1,0.54057
2774,1,0.540375
2775,1,0.54018
2776,1,0.539986
2777,1,0.539791
2778,1,0.539597
2779,1,0.539403
2780,1,0.539209
2781,1,0.539015
2782,1,0.538821
2783,1,0.538627
2784,1,0.538434
2785,1,0.538241
2786,1,0.538047
2787,1,0.537854
2788,1,0.537661
2789,1,0.537469
2790,1,0.537276
2791,1,0.537083
2792,1,0.536891
2793,1,0.536699
2794,1,0.536507
2795,1,0.536315
2796,1,0.536123
2797,1,0.535931
2798,1,0.53574
2799,1,0.535548
2800,1,0.535357
2801,1,0.535166
2802,1,0.534975
2803,1,0.534784
2804,1,0.534593
2805,1,0.534403
2806,1,0.534212
2807,1,0.534022
2808,1,0.533832
2809,1,0.533642
2810,1,0.533452
2811,1,0.533262
2812,1,0.533073
2813,1,0.532883
2814,1,0.532694
2815,1,0.532504
2816,1,0.532315
2817,1,0.532126
2818,1,0.531938
2819,1,0.531749
2820,1,0.53156
2821,1,0.531372
2822,1,0.531184
2823,1,0.530995
2824,1,0.530807
2825,1,0.530619
2826,1,0.530432
2827,1,0.530244
2828,1,0.530057
2829,1,0.529869
2830,1,0.529682
2831,1,0.529495
2832,1,0.529308
2833,1,0.529121
2834,1,0.528934
2835,1,0.528748
2836,1,0.528561
2837,1,0.528375
2838,1,0.528189
2839,1,0.528003
2840,1,0.527817
2841,1,0.527631
2842,1,0.527445
2843,1,0.52726
2844,1,0.527075
2845,1,0.526889
2846,1,0.526704
2847,1,0.526519
2848,1,0.526334
2849,1,0.52615
2850,1,0.525965
2851,1,0.52578
2852,1,0.525596
2853,1,0.525412
2854,1,0.525228
2855,1,0.525044
2856,1,0.52486
2857,1,0.524676
2858,1,0.524493
2859,1,0.524309
2860,1,0.524126
2861,1,0.523943
2862,1,0.52376
2863,1,0.523577
2864,1,0.523394
2865,1,0.523211
2866,1,0.523029
2867,1,0.522846
2868,1,0.522664
2869,1,0.522482
2870,1,0.5223
2871,1,0.522118
2872,1,0.521936
2873,1,0.521754
2874,1,0.521573
2875,1,0.521391
2876,1,0.52121
2877,1,0.521029
2878,1,0.520848
2879,1,0.520667
2880,1,0.520486
2881,1,0.520305
2882,1,0.520125
2883,1,0.519945
2884,1,0.519764
2885,1,0.519584
2886,1,0.519404
2887,1,0.519224
2888,1,0.519044
2889,1,0.518865
2890,1,0.518685
2891,1,0.518506
2892,1,0.518326
2893,1,0.518147
2894,1,0.517968
2895,1,0.517789
2896,1,0.51761
2897,1,0.517432
2898,1,0.517253
2899,1,0.517075
2900,1,0.516897
2901,1,0.516718
2902,1,0.51654
2903,1,0.516362
2904,1,0.516185
2905,1,0.516007
2906,1,0.515829
2907,1,0.515652
2908,1,0.515475
2909,1,0.515297
2910,1,0.51512
2911,1,0.514943
2912,1,0.514766
2913,1,0.51459
2914,1,0.514413
2915,1,0.514237
2916,1,0.51406
2917,1,0.513884
2918,1,0.513708
2919,1,0.513532
2920,1,0.513356
2921,1,0.51318
2922,1,0.513005
2923,1,0.512829
2924,1,0.512654
2925,1,0.512479
2926,1,0.512303
2927,1,0.512128
2928,1,0.511954
2929,1,0.511779
2930,1,0.511604
2931,1,0.51143
2932,1,0.511255
2933,1,0.511081
2934,1,0.510907
2935,1,0.510733
2936,1,0.510559
2937,1,0.510385
2938,1,0.510211
2939,1,0.510037
2940,1,0.509864
2941,1,0.509691
2942,1,0.509517
2943,1,0.509344
2944,1,0.509171
2945,1,0.508998
2946,1,0.508826
2947,1,0.508653
2948,1,0.50848
2949,1,0.508308
2950,1,0.508136
2951,1,0.507963
2952,1,0.507791
2953,1,0.507619
2954,1,0.507448
2955,1,0.507276
2956,1,0.507104
2957,1,0.506933
2958,1,0.506761
2959,1,0.50659
2960,1,0.506419
2961,1,0.506248
2962,1,0.506077
2963,1,0.505906
2964,1,0.505735
2965,1,0.505565
2966,1,0.505394
2967,1,0.505224
2968,1,0.505054
2969,1,0.504884
2970,1,0.504714
2971,1,0.504544
2972,1,0.504374
2973,1,0.504205
2974,1,0.504035
2975,1,0.503866
2976,1,0.503696
2977,1,0.503527
2978,1,0.503358
2979,1,0.503189
2980,1,0.50302
2981,1,0.502851
2982,1,0.502683
2983,1,0.502514
2984,1,0.502346
2985,1,0.502178
2986,1,0.502009
2987,1,0.501841
2988,1,0.501673
2989,1,0.501506
2990,1,0.501338
2991,1,0.50117
2992,1,0.501003
2993,1,0.500835
2994,1,0.500668
2995,1,0.500501
2996,1,0.500334
2997,1,0.500167
2998,1,0.5
2999,1,0.499833
3000,1,0.499667
3001,1,0.4995
3002,1,0.499334
3003,1,0.499167
3004,1,0.499001
3005,1,0.498835
3006,1,0.498669
3007,1,0.498503
3008,1,0.498338
3009,1,0.498172
3010,1,0.498007
3011,1,0.497841
3012,1,0.497676
3013,1,0.497511
3014,1,0.497346
3015,1,0.497181
3016,1,0.497016
3017,1,0.496851
3018,1,0.496687
3019,1,0.496522
3020,1,0.496358
3021,1,0.496193
3022,1,0.496029
3023,1,0.495865
3024,1,0.495701
3025,1,0.495537
3026,1,0.495373
3027,1,0.49521
3028,1,0.495046
3029,1,0.494883
3030,1,0.494719
3031,1,0.494556
3032,1,0.494393
3033,1,0.49423
3034,1,0.494067
3035,1,0.493904
3036,1,0.493742
3037,1,0.493579
3038,1,0.493417
3039,1,0.493254
3040,1,0.493092
3041,1,0.49293
3042,1,0.492768
3043,1,0.492606
3044,1,0.492444
3045,1,0.492282
3046,1,0.492121
3047,1,0.491959
3048,1,0.491798
3049,1,0.491637
3050,1,0.491475
3051,1,0.491314
3052,1,0.491153
3053,1,0.490992
3054,1,0.490832
3055,1,0.490671
3056,1,0.49051
3057,1,0.49035
3058,1,0.49019
3059,1,0.490029
3060,1,0.489869
3061,1,0.489709
3062,1,0.489549
3063,1,0.489389
3064,1,0.48923
3065,1,0.48907
3066,1,0.488911
3067,1,0.488751
3068,1,0.488592
3069,1,0.488433
3070,1,0.488274
3071,1,0.488115
3072,1,0.487956
3073,1,0.487797
3074,1,0.487638
3075,1,0.48748
3076,1,0.487321
3077,1,0.487163
3078,1,0.487005
3079,1,0.486846
3080,1,0.486688
3081,1,0.48653
3082,1,0.486372
3083,1,0.486215
3084,1,0.486057
3085,1,0.4859
3086,1,0.485742
3087,1,0.485585
3088,1,0.485427
3089,1,0.48527
3090,1,0.485113
3091,1,0.484956
3092,1,0.484799
3093,1,0.484643
3094,1,0.484486
3095,1,0.48433
3096,1,0.484173
3097,1,0.484017
3098,1,0.483861
3099,1,0.483704
3100,1,0.483548
3101,1,0.483392
3102,1,0.483237
3103,1,0.483081
3104,1,0.482925
3105,1,0.48277
3106,1,0.482614
3107,1,0.482459
3108,1,0.482304
3109,1,0.482149
3110,1,0.481994
3111,1,0.481839
3112,1,0.481684
3113,1,0.481529
3114,1,0.481374
3115,1,0.48122
3116,1,0.481065
3117,1,0.480911
3118,1,0.480757
3119,1,0.480603
3120,1,0.480449
3121,1,0.480295
3122,1,0.480141
3123,1,0.479987
3124,1,0.479834
3125,1,0.47968
3126,1,0.479527
3127,1,0.479373
3128,1,0.47922
3129,1,0.479067
3130,1,0.478914
3131,1,0.478761
3132,1,0.478608
3133,1,0.478455
3134,1,0.478302
3135,1,0.47815
3136,1,0.477997
3137,1,0.477845
3138,1,0.477693
3139,1,0.477541
3140,1,0.477389
3141,1,0.477237
3142,1,0.477085
3143,1,0.476933
3144,1,0.476781
3145,1,0.47663
3146,1,0.476478
3147,1,0.476327
3148,1,0.476175
3149,1,0.476024
3150,1,0.475873
3151,1,0.475722
3152,1,0.475571
3153,1,0.47542
3154,1,0.475269
3155,1,0.475119
3156,1,0.474968
3157,1,0.474818
3158,1,0.474668
3159,1,0.474517
3160,1,0.474367
3161,1,0.474217
3162,1,0.474067
3163,1,0.473917
3164,1,0.473767
3165,1,0.473618
3166,1,0.473468
3167,1,0.473319
3168,1,0.473169
3169,1,0.47302
3170,1,0.472871
3171,1,0.472722
3172,1,0.472573
3173,1,0.472424
3174,1,0.472275
3175,1,0.472126
3176,1,0.471977
3177,1,0.471829
3178,1,0.47168
3179,1,0.471532
3180,1,0.471384
3181,1,0.471235
3182,1,0.471087
3183,1,0.470939
3184,1,0.470791
3185,1,0.470644
3186,1,0.470496
3187,1,0.470348
3188,1,0.470201
3189,1,0.470053
3190,1,0.469906
3191,1,0.469759
3192,1,0.469612
3193,1,0.469464
3194,1,0.469317
3195,1,0.469171
3196,1,0.469024
3197,1,0.468877
3198,1,0.46873
3199,1,0.468584
3200,1,0.468438
3201,1,0.468291
3202,1,0.468145
3203,1,0.467999
3204,1,0.467853
3205,1,0.467707
3206,1,0.467561
3207,1,0.467415
3208,1,0.467269
3209,1,0.467124
3210,1,0.466978
3211,1,0.466833
3212,1,0.466687
3213,1,0.466542
3214,1,0.466397
3215,1,0.466252
3216,1,0.466107
3217,1,0.465962
3218,1,0.465817
3219,1,0.465673
3220,1,0.465528
3221,1,0.465383
3222,1,0.465239
3223,1,0.465095
3224,1,0.46495
3225,1,0.464806
3226,1,0.464662
3227,1,0.464518
3228,1,0.464374
3229,1,0.46423
3230,1,0.464087
3231,1,0.463943
3232,1,0.4638
3233,1,0.463656
3234,1,0.463513
3235,1,0.463369
3236,1,0.463226
3237,1,0.463083
3238,1,0.46294
3239,1,0.462797
3240,1,0.462654
3241,1,0.462512
3242,1,0.462369
3243,1,0.462226
3244,1,0.462084
3245,1,0.461941
3246,1,0.461799
3247,1,0.461657
3248,1,0.461515
3249,1,0.461373
3250,1,0.461231
3251,1,0.461089
3252,1,0.460947
3253,1,0.460805
3254,1,0.460664
3255,1,0.460522
3256,1,0.460381
3257,1,0.460239
3258,1,0.460098
3259,1,0.459957
3260,1,0.459816
3261,1,0.459675
3262,1,0.459534
3263,1,0.459393
3264,1,0.459252
3265,1,0.459112
3266,1,0.458971
3267,1,0.458831
3268,1,0.45869
3269,1,0.45855
3270,1,0.45841
3271,1,0.45827
3272,1,0.45813
3273,1,0.45799
3274,1,0.45785
3275,1,0.45771
3276,1,0.45757
3277,1,0.457431
3278,1,0.457291
3279,1,0.457152
3280,1,0.457012
3281,1,0.456873
3282,1,0.456734
3283,1,0.456595
3284,1,0.456456
3285,1,0.456317
3286,1,0.456178
3287,1,0.456039
3288,1,0.4559
3289,1,0.455762
3290,1,0.455623
3291,1,0.455485
3292,1,0.455346
3293,1,0.455208
3294,1,0.45507
3295,1,0.454932
3296,1,0.454794
3297,1,0.454656
3298,1,0.454518
3299,1,0.45438
3300,1,0.454242
3301,1,0.454105
3302,1,0.453967
3303,1,0.45383
3304,1,0.453692
3305,1,0.453555
3306,1,0.453418
3307,1,0.453281
3308,1,0.453144
3309,1,0.453007
3310,1,0.45287
3311,1,0.452733
3312,1,0.452597
3313,1,0.45246
3314,1,0.452323
3315,1,0.452187
3316,1,0.452051
3317,1,0.451914
3318,1,0.451778
3319,1,0.451642
3320,1,0.451506
3321,1,0.45137
3322,1,0.451234
3323,1,0.451098
3324,1,0.450963
3325,1,0.450827
3326,1,0.450692
3327,1,0.450556
3328,1,0.450421
3329,1,0.450285
3330,1,0.45015
3331,1,0.450015
3332,1,0.44988
3333,1,0.449745
3334,1,0.44961
3335,1,0.449475
3336,1,0.449341
3337,1,0.449206
3338,1,0.449071
3339,1,0.448937
3340,1,0.448802
3341,1,0.448668
3342,1,0.448534
3343,1,0.4484
3344,1,0.448266
3345,1,0.448132
3346,1,0.447998
3347,1,0.447864
3348,1,0.44773
3349,1,0.447596
3350,1,0.447463
3351,1,0.447329
3352,1,0.447196
3353,1,0.447062
3354,1,0.446929
3355,1,0.446796
3356,1,0.446663
3357,1,0.44653
3358,1,0.446397
3359,1,0.446264
3360,1,0.446131
3361,1,0.445998
3362,1,0.445866
3363,1,0.445733
3364,1,0.4456
3365,1,0.445468
3366,1,0.445336
3367,1,0.445203
3368,1,0.445071
3369,1,0.444939
3370,1,0.444807
3371,1,0.444675
3372,1,0.444543
3373,1,0.444412
3374,1,0.44428
3375,1,0.444148
3376,1,0.444017
3377,1,0.443885
3378,1,0.443754
3379,1,0.443622
3380,1,0.443491
3381,1,0.44336
3382,1,0.443229
3383,1,0.443098
3384,1,0.442967
3385,1,0.442836
3386,1,0.442705
3387,1,0.442575
3388,1,0.442444
3389,1,0.442313
3390,1,0.442183
3391,1,0.442052
3392,1,0.441922
3393,1,0.441792
3394,1,0.441662
3395,1,0.441532
3396,1,0.441402
3397,1,0.441272
3398,1,0.441142
3399,1,0.441012
3400,1,0.440882
3401,1,0.440753
3402,1,0.440623
3403,1,0.440494
3404,1,0.440364
3405,1,0.440235
3406,1,0.440106
3407,1,0.439977
3408,1,0.439847
3409,1,0.439718
3410,1,0.439589
3411,1,0.439461
3412,1,0.439332
3413,1,0.439203
3414,1,0.439074
3415,1,0.438946
3416,1,0.438817
3417,1,0.438689
3418,1,0.438561
3419,1,0.438432
3420,1,0.438304
3421,1,0.438176
3422,1,0.438048
3423,1,0.43792
3424,1,0.437792
3425,1,0.437664
3426,1,0.437536
3427,1,0.437409
3428,1,0.437281
3429,1,0.437154
3430,1,0.437026
3431,1,0.436899
3432,1,0.436772
3433,1,0.436644
3434,1,0.436517
3435,1,0.43639
3436,1,0.436263
3437,1,0.436136
3438,1,0.436009
3439,1,0.435883
3440,1,0.435756
3441,1,0.435629
3442,1,0.435503
3443,1,0.435376
3444,1,0.43525
3445,1,0.435123
3446,1,0.434997
3447,1,0.434871
3448,1,0.434745
3449,1,0.434619
3450,1,0.434493
3451,1,0.434367
3452,1,0.434241
3453,1,0.434115
3454,1,0.43399
3455,1,0.433864
3456,1,0.433738
3457,1,0.433613
3458,1,0.433488
3459,1,0.433362
3460,1,0.433237
3461,1,0.433112
3462,1,0.432987
3463,1,0.432862
3464,1,0.432737
3465,1,0.432612
3466,1,0.432487
3467,1,0.432362
3468,1,0.432238
3469,1,0.432113
3470,1,0.431988
3471,1,0.431864
3472,1,0.43174
3473,1,0.431615
3474,1,0.431491
3475,1,0.431367
3476,1,0.431243
3477,1,0.431119
3478,1,0.430995
3479,1,0.430871
3480,1,0.430747
3481,1,0.430623
3482,1,0.4305
3483,1,0.430376
3484,1,0.430253
3485,1,0.430129
3486,1,0.430006
3487,1,0.429882
3488,1,0.429759
3489,1,0.429636
3490,1,0.429513
3491,1,0.42939
3492,1,0.429267
3493,1,0.429144
3494,1,0.429021
3495,1,0.428898
3496,1,0.428776
3497,1,0.428653
3498,1,0.428531
3499,1,0.428408
3500,1,0.428286
3501,1,0.428163
3502,1,0.428041
3503,1,0.427919
3504,1,0.427797
3505,1,0.427675
3506,1,0.427553
3507,1,0.427431
3508,1,0.427309
3509,1,0.427187
3510,1,0.427066
3511,1,0.426944
3512,1,0.426822
3513,1,0.426701
3514,1,0.426579
3515,1,0.426458
3516,1,0.426337
3517,1,0.426216
3518,1,0.426094
3519,1,0.425973
3520,1,0.425852
3521,1,0.425731
3522,1,0.42561
3523,1,0.42549
3524,1,0.425369
3525,1,0.425248
3526,1,0.425128
3527,1,0.425007
3528,1,0.424887
3529,1,0.424766
3530,1,0.424646
3531,1,0.424526
3532,1,0.424405
3533,1,0.424285
3534,1,0.424165
3535,1,0.424045
3536,1,0.423925
3537,1,0.423805
3538,1,0.423686
3539,1,0.423566
3540,1,0.423446
3541,1,0.423327
3542,1,0.423207
3543,1,0.423088
3544,1,0.422968
3545,1,0.422849
3546,1,0.42273
3547,1,0.422611
3548,1,0.422492
3549,1,0.422372
3550,1,0.422254
3551,1,0.422135
3552,1,0.422016
3553,1,0.421897
3554,1,0.421778
3555,1,0.42166
3556,1,0.421541
3557,1,0.421423
3558,1,0.421304
3559,1,0.421186
3560,1,0.421067
3561,1,0.420949
3562,1,0.420831
3563,1,0.420713
3564,1,0.420595
3565,1,0.420477
3566,1,0.420359
3567,1,0.420241
3568,1,0.420123
3569,1,0.420006
3570,1,0.419888
3571,1,0.41977
